,Geo,Time_period,Passengers_count,Norm_2019
56,AT,2018-Q1,,
57,AT,2018-Q2,,
58,AT,2018-Q3,,
59,AT,2018-Q4,,
60,AT,2019-Q1,,
61,AT,2019-Q2,,
62,AT,2019-Q3,,
63,AT,2019-Q4,,
64,AT,2020-Q1,,
65,AT,2020-Q2,,
66,AT,2020-Q3,,
67,AT,2020-Q4,,
68,AT,2021-Q1,,
69,AT,2021-Q2,,
70,AT,2021-Q3,,
71,AT,2021-Q4,,
72,AT,2022-Q1,,
73,AT,2022-Q2,,
74,AT,2022-Q3,,
75,AT,2022-Q4,,
76,AT,2023-Q1,,
77,BA,2021-Q1,3000.0,
78,BA,2021-Q2,4000.0,
79,BA,2021-Q3,7000.0,
80,BA,2021-Q4,5000.0,
81,BA,2022-Q1,5000.0,
82,BA,2022-Q2,10000.0,
83,BA,2022-Q3,9000.0,
84,BA,2022-Q4,8000.0,
85,BA,2023-Q1,6000.0,
142,BE,2018-Q1,,
143,BE,2018-Q2,,
144,BE,2018-Q3,,
145,BE,2018-Q4,,
146,BE,2019-Q1,,
147,BE,2019-Q2,,
148,BE,2019-Q3,,
149,BE,2019-Q4,,
150,BE,2020-Q1,,
151,BE,2020-Q2,,
152,BE,2020-Q3,,
153,BE,2020-Q4,,
154,BE,2021-Q1,,
155,BE,2021-Q2,,
156,BE,2021-Q3,,
157,BE,2021-Q4,,
158,BE,2022-Q1,,
159,BE,2022-Q2,,
160,BE,2022-Q3,,
161,BE,2022-Q4,,
162,BE,2023-Q1,,
211,BG,2018-Q1,312000.0,5.487161449173408
212,BG,2018-Q2,378000.0,6.6479071403447065
213,BG,2018-Q3,434000.0,7.632782272247626
214,BG,2018-Q4,352000.0,6.190643686246922
215,BG,2019-Q1,328000.0,5.768554344002814
216,BG,2019-Q2,388000.0,6.823777699613085
217,BG,2019-Q3,446000.0,7.84382694336968
218,BG,2019-Q4,357000.0,6.2785789658811115
219,BG,2020-Q1,295000.0,5.188181498417165
220,BG,2020-Q2,219000.0,3.8515652479774887
221,BG,2020-Q3,352000.0,6.190643686246922
222,BG,2020-Q4,261000.0,4.590221596904678
223,BG,2021-Q1,235000.0,4.132958142806894
224,BG,2021-Q2,297000.0,5.223355610270841
225,BG,2021-Q3,389000.0,6.841364755539923
226,BG,2021-Q4,282000.0,4.959549771368273
227,BG,2022-Q1,273000.0,4.801266268026732
228,BG,2022-Q2,405000.0,7.122757650369328
229,BG,2022-Q3,523000.0,9.198030249736194
230,BG,2022-Q4,398000.0,6.9996482588814635
231,BG,2023-Q1,342000.0,6.014773126978544
232,BG,2023-Q2,402000.0,7.069996482588815
273,CH,2018-Q1,4610000.0,3.5106958183881263
274,CH,2018-Q2,4835000.0,3.682042143580605
275,CH,2018-Q3,4836000.0,3.6828036828036828
276,CH,2018-Q4,4992000.0,3.8016038016038016
277,CH,2019-Q1,4869000.0,3.7079344771652463
278,CH,2019-Q2,5044000.0,3.8412038412038414
279,CH,2019-Q3,5187000.0,3.95010395010395
280,CH,2019-Q4,5213000.0,3.96990396990397
281,CH,2020-Q1,4398000.0,3.349249503095657
282,CH,2020-Q2,1860000.0,1.4164629549244934
283,CH,2020-Q3,3565000.0,2.714887330271946
284,CH,2020-Q4,2867000.0,2.1833329525637217
285,CH,2021-Q1,2482000.0,1.8901403516788131
286,CH,2021-Q2,3017000.0,2.2975638360253745
287,CH,2021-Q3,3798000.0,2.8923259692490464
288,CH,2021-Q4,4029000.0,3.0682415297799914
289,CH,2022-Q1,3644000.0,2.7750489288950826
290,CH,2022-Q2,4634000.0,3.5289727597419907
291,CH,2022-Q3,4888000.0,3.7224037224037225
292,CH,2022-Q4,4918000.0,3.745249899096053
293,CH,2023-Q1,4877000.0,3.714026790949868
350,CZ,2018-Q1,2221000.0,4.4374737767477175
351,CZ,2018-Q2,2667000.0,5.328564863838884
352,CZ,2018-Q3,2717000.0,5.428462967772871
353,CZ,2018-Q4,2687000.0,5.3685241054124795
354,CZ,2019-Q1,2378000.0,4.751153823100438
355,CZ,2019-Q2,2906000.0,5.806077800643344
356,CZ,2019-Q3,2994000.0,5.981898463567162
357,CZ,2019-Q4,2787000.0,5.568320313280454
358,CZ,2020-Q1,2054000.0,4.1038141096082
359,CZ,2020-Q2,1137000.0,2.271682883458872
360,CZ,2020-Q3,2149000.0,4.2936205070827755
361,CZ,2020-Q4,1144000.0,2.2856686180096304
362,CZ,2021-Q1,969000.0,1.9360252542406746
363,CZ,2021-Q2,1488000.0,2.972967573075463
364,CZ,2021-Q3,2381000.0,4.7571477093364765
365,CZ,2021-Q4,2052000.0,4.09981818545084
366,CZ,2022-Q1,1878000.0,3.7521727837605643
367,CZ,2022-Q2,2664000.0,5.322570977602845
368,CZ,2022-Q3,2764000.0,5.52236718547082
369,CZ,2022-Q4,2517000.0,5.028870552036922
370,CZ,2023-Q1,2120000.0,4.235679606801063
427,DE,2018-Q1,23062000.0,3.1003312469080035
428,DE,2018-Q2,24487000.0,3.2919005829085197
429,DE,2018-Q3,25504000.0,3.428620593233099
430,DE,2018-Q4,24710000.0,3.321879503559829
431,DE,2019-Q1,23339000.0,3.137569637134069
432,DE,2019-Q2,24858000.0,3.3417758275795317
433,DE,2019-Q3,25631000.0,3.445693790195952
434,DE,2019-Q4,25899000.0,3.4817222688262244
435,DE,2020-Q1,20074000.0,2.698640597104816
436,DE,2020-Q2,8256000.0,1.1098922372072013
437,DE,2020-Q3,16433000.0,2.2091641392957775
438,DE,2020-Q4,11900000.0,1.599771998881504
439,DE,2021-Q1,8464000.0,1.137854638532189
440,DE,2021-Q2,11597000.0,1.5590383084898152
441,DE,2021-Q3,18188000.0,2.445096900475361
442,DE,2021-Q4,18448000.0,2.4800499021315954
443,DE,2022-Q1,15583000.0,2.0948947108042417
444,DE,2022-Q2,25060000.0,3.368931621173991
445,DE,2022-Q3,29375000.0,3.9490170140457295
446,DE,2022-Q4,24612000.0,3.3087049106278634
447,DE,2023-Q1,21169000.0,2.8458465079262654
504,DK,2018-Q1,1490000.0,2.7831219530418214
505,DK,2018-Q2,1584000.0,2.9587014588041916
506,DK,2018-Q3,1506000.0,2.813007826363076
507,DK,2018-Q4,1601000.0,2.990455199208024
508,DK,2019-Q1,1507000.0,2.8148756934456545
509,DK,2019-Q2,1512000.0,2.8242150288585464
510,DK,2019-Q3,1534000.0,2.8653081046752713
511,DK,2019-Q4,1620000.0,3.025944673777014
512,DK,2020-Q1,1255000.0,2.3441731886358967
513,DK,2020-Q2,636000.0,1.1879634645198647
514,DK,2020-Q3,1126000.0,2.1032183349832825
515,DK,2020-Q4,923000.0,1.7240413172198665
516,DK,2021-Q1,587000.0,1.096437977473523
517,DK,2021-Q2,962000.0,1.7968881334404243
518,DK,2021-Q3,1298000.0,2.424491473186768
519,DK,2021-Q4,1343000.0,2.508545491902796
520,DK,2022-Q1,1120000.0,2.092011132487812
521,DK,2022-Q2,1552000.0,2.8989297121616824
522,DK,2022-Q3,1570000.0,2.932551319648094
523,DK,2022-Q4,1573000.0,2.938154920895829
524,DK,2023-Q1,1450000.0,2.7084072697386854
581,EE,2018-Q1,98000.0,4.53074433656958
582,EE,2018-Q2,109000.0,5.039297272306981
583,EE,2018-Q3,107000.0,4.946833102172908
584,EE,2018-Q4,103000.0,4.761904761904762
585,EE,2019-Q1,93000.0,4.2995839112343965
586,EE,2019-Q2,103000.0,4.761904761904762
587,EE,2019-Q3,94000.0,4.345815996301433
588,EE,2019-Q4,102000.0,4.715672676837725
589,EE,2020-Q1,77000.0,3.559870550161812
590,EE,2020-Q2,42000.0,1.941747572815534
591,EE,2020-Q3,80000.0,3.6985668053629217
592,EE,2020-Q4,65000.0,3.005085529357374
593,EE,2021-Q1,50000.0,2.311604253351826
594,EE,2021-Q2,73000.0,3.3749422098936663
595,EE,2021-Q3,88000.0,4.068423485899214
596,EE,2021-Q4,79000.0,3.6523347202958854
597,EE,2022-Q1,75000.0,3.467406380027739
598,EE,2022-Q2,104000.0,4.808136846971799
599,EE,2022-Q3,106000.0,4.900601017105871
600,EE,2022-Q4,98000.0,4.53074433656958
601,EE,2023-Q1,93000.0,4.2995839112343965
658,EL,2018-Q1,239000.0,4.549781077479535
659,EL,2018-Q2,263000.0,5.006662859318484
660,EL,2018-Q3,288000.0,5.48258138206739
661,EL,2018-Q4,314000.0,5.977536645726252
662,EL,2019-Q1,265000.0,5.044736341138397
663,EL,2019-Q2,300000.0,5.711022272986865
664,EL,2019-Q3,342000.0,6.510565391205025
665,EL,2019-Q4,347000.0,6.605749095754807
666,EL,2020-Q1,258000.0,4.911479154768704
667,EL,2020-Q2,86000.0,1.6371597182562345
668,EL,2020-Q3,199000.0,3.788311441081287
669,EL,2020-Q4,97000.0,1.8465638682657528
670,EL,2021-Q1,74000.0,1.40871882733676
671,EL,2021-Q2,135000.0,2.5699600228440893
672,EL,2021-Q3,212000.0,4.035789072910718
673,EL,2021-Q4,231000.0,4.397487150199885
674,EL,2022-Q1,197000.0,3.7502379592613746
675,EL,2022-Q2,281000.0,5.3493241956976965
676,EL,2022-Q3,313000.0,5.958499904816295
677,EL,2022-Q4,322000.0,6.1298305730059015
678,EL,2023-Q1,201000.0,3.8263849229011995
735,ES,2018-Q1,6540000.0,3.9402337631039885
736,ES,2018-Q2,7424000.0,4.4728280515724785
737,ES,2018-Q3,7168000.0,4.318592601518255
738,ES,2018-Q4,7188000.0,4.330642246053741
739,ES,2019-Q1,6736000.0,4.0583202795517535
740,ES,2019-Q2,7390000.0,4.452343655862152
741,ES,2019-Q3,7254000.0,4.370406073020846
742,ES,2019-Q4,7214000.0,4.346306783949873
743,ES,2020-Q1,5499000.0,3.3130497650319315
744,ES,2020-Q2,958000.0,0.5771779732497891
745,ES,2020-Q3,2963000.0,1.785154837932281
746,ES,2020-Q4,2560000.0,1.542354500542234
747,ES,2021-Q1,2548000.0,1.5351247138209423
748,ES,2021-Q2,3773000.0,2.273165441619472
749,ES,2021-Q3,5022000.0,3.0256657428605855
750,ES,2021-Q4,5456000.0,3.287143029280636
751,ES,2022-Q1,5106000.0,3.076274249909628
752,ES,2022-Q2,6582000.0,3.9655380166285092
753,ES,2022-Q3,6732000.0,4.055910350644656
754,ES,2022-Q4,7121000.0,4.290275936859863
755,ES,2023-Q1,7529000.0,4.536088685383781
756,ES,2023-Q2,8724000.0,5.2560549463790815
805,EU27_2007,2018-Q1,,
806,EU27_2007,2018-Q2,,
807,EU27_2007,2018-Q3,,
808,EU27_2007,2018-Q4,,
809,EU27_2007,2019-Q1,,
810,EU27_2007,2019-Q2,,
811,EU27_2007,2019-Q3,,
812,EU27_2007,2019-Q4,,
813,EU27_2007,2020-Q1,,
814,EU27_2007,2020-Q2,,
815,EU27_2007,2020-Q3,,
864,EU27_2020,2018-Q1,,
865,EU27_2020,2018-Q2,,
866,EU27_2020,2018-Q3,,
867,EU27_2020,2018-Q4,,
868,EU27_2020,2019-Q1,,
869,EU27_2020,2019-Q2,,
870,EU27_2020,2019-Q3,,
871,EU27_2020,2019-Q4,,
872,EU27_2020,2020-Q1,,
873,EU27_2020,2020-Q2,,
874,EU27_2020,2020-Q3,,
875,EU27_2020,2020-Q4,,
876,EU27_2020,2021-Q1,,
877,EU27_2020,2021-Q2,,
878,EU27_2020,2021-Q3,,
879,EU27_2020,2021-Q4,,
880,EU27_2020,2022-Q1,74157000.0,
881,EU27_2020,2022-Q2,103066000.0,
882,EU27_2020,2022-Q3,111454000.0,
883,EU27_2020,2022-Q4,105091000.0,
884,EU27_2020,2023-Q1,95350000.0,
933,EU28,2018-Q1,,
934,EU28,2018-Q2,,
935,EU28,2018-Q3,,
936,EU28,2018-Q4,,
937,EU28,2019-Q1,,
938,EU28,2019-Q2,,
939,EU28,2019-Q3,,
940,EU28,2019-Q4,,
997,FI,2018-Q1,1117000.0,4.442765094264577
998,FI,2018-Q2,1095000.0,4.3552621112083365
999,FI,2018-Q3,1107000.0,4.402991011057195
1000,FI,2018-Q4,1216000.0,4.836528518017659
1001,FI,2019-Q1,1165000.0,4.633680693660011
1002,FI,2019-Q2,1205000.0,4.7927770264895395
1003,FI,2019-Q3,1250000.0,4.971760400922759
1004,FI,2019-Q4,1305000.0,5.19051785856336
1005,FI,2020-Q1,1098000.0,4.367194336170551
1006,FI,2020-Q2,359000.0,1.4278895871450163
1007,FI,2020-Q3,774000.0,3.078514040251372
1008,FI,2020-Q4,589000.0,2.342693500914804
1009,FI,2021-Q1,475000.0,1.8892689523506483
1010,FI,2021-Q2,586000.0,2.330761275952589
1011,FI,2021-Q3,880000.0,3.5001193222496223
1012,FI,2021-Q4,962000.0,3.8262668045501553
1013,FI,2022-Q1,811000.0,3.225678148118686
1014,FI,2022-Q2,1166000.0,4.637658101980749
1015,FI,2022-Q3,1323000.0,5.2621112083366475
1016,FI,2022-Q4,1273000.0,5.063240792299737
1017,FI,2023-Q1,1188000.0,4.72516108503699
1074,FR,2018-Q1,23219000.0,6.830624402441715
1075,FR,2018-Q2,19478000.0,5.730087519305729
1076,FR,2018-Q3,24430000.0,7.186879458704126
1077,FR,2018-Q4,24690000.0,7.263366919173347
1078,FR,2019-Q1,23778000.0,6.995072442450541
1079,FR,2019-Q2,25588000.0,7.527542840332426
1080,FR,2019-Q3,25972000.0,7.640508935794661
1081,FR,2019-Q4,21201000.0,6.236964036184452
1082,FR,2020-Q1,18492000.0,5.440023534603221
1083,FR,2020-Q2,5422000.0,1.5950577333235272
1084,FR,2020-Q3,19644000.0,5.7789218209899245
1085,FR,2020-Q4,13048000.0,3.838493785393837
1086,FR,2021-Q1,14103000.0,4.148856365374715
1087,FR,2021-Q2,15849000.0,4.662499080679562
1088,FR,2021-Q3,22524000.0,6.6261675369566815
1089,FR,2021-Q4,23378000.0,6.877399426344047
1090,FR,2022-Q1,21264000.0,6.255497536221225
1091,FR,2022-Q2,26755000.0,7.870853864823123
1092,FR,2022-Q3,27963000.0,8.226226373464735
1093,FR,2022-Q4,26832000.0,7.893505920423623
1094,FR,2023-Q1,23397000.0,6.882988894609105
1151,HR,2018-Q1,179000.0,3.2813932172318974
1152,HR,2018-Q2,193000.0,3.538038496791934
1153,HR,2018-Q3,177000.0,3.2447296058661776
1154,HR,2018-Q4,199000.0,3.6480293308890928
1155,HR,2019-Q1,177000.0,3.2447296058661776
1156,HR,2019-Q2,185000.0,3.391384051329056
1157,HR,2019-Q3,168000.0,3.07974335472044
1158,HR,2019-Q4,194000.0,3.556370302474794
1159,HR,2020-Q1,155000.0,2.841429880843263
1160,HR,2020-Q2,60000.0,1.0999083409715857
1161,HR,2020-Q3,117000.0,2.144821264894592
1162,HR,2020-Q4,116000.0,2.1264894592117325
1163,HR,2021-Q1,105000.0,1.924839596700275
1164,HR,2021-Q2,127000.0,2.3281393217231896
1165,HR,2021-Q3,165000.0,3.0247479376718607
1166,HR,2021-Q4,141000.0,2.5847846012832263
1167,HR,2022-Q1,141000.0,2.5847846012832263
1168,HR,2022-Q2,180000.0,3.299725022914757
1169,HR,2022-Q3,232000.0,4.252978918423465
1170,HR,2022-Q4,259000.0,4.7479376718606785
1171,HR,2023-Q1,308000.0,5.646196150320806
1228,HU,2018-Q1,1830000.0,4.902486069438491
1229,HU,2018-Q2,2014000.0,5.395413630518646
1230,HU,2018-Q3,1991000.0,5.333797685383626
1231,HU,2018-Q4,1935000.0,5.183776253750536
1232,HU,2019-Q1,1798000.0,4.8167595370767256
1233,HU,2019-Q2,1965000.0,5.2641448778396915
1234,HU,2019-Q3,2003000.0,5.365945135019288
1235,HU,2019-Q4,1986000.0,5.3204029147021
1236,HU,2020-Q1,1679000.0,4.497963994856408
1237,HU,2020-Q2,661000.0,1.7707886840977283
1238,HU,2020-Q3,1570000.0,4.205957993999143
1239,HU,2020-Q4,944000.0,2.528932704672096
1240,HU,2021-Q1,896000.0,2.4003429061294472
1241,HU,2021-Q2,1183000.0,3.1692027432490355
1242,HU,2021-Q3,1714000.0,4.591727389627089
1243,HU,2021-Q4,1642000.0,4.398842691813116
1244,HU,2022-Q1,1579000.0,4.23006858122589
1245,HU,2022-Q2,1930000.0,5.17038148306901
1246,HU,2022-Q3,2201000.0,5.896378054007715
1247,HU,2022-Q4,2107000.0,5.644556365195028
1248,HU,2023-Q1,1947000.0,5.215923703386198
1305,IE,2018-Q1,517000.0,4.005268050821196
1306,IE,2018-Q2,565000.0,4.37713046172916
1307,IE,2018-Q3,600000.0,4.648280136349551
1308,IE,2018-Q4,599000.0,4.640533002788968
1309,IE,2019-Q1,565000.0,4.37713046172916
1310,IE,2019-Q2,592000.0,4.58630306786489
1311,IE,2019-Q3,623000.0,4.8264642082429505
1312,IE,2019-Q4,619000.0,4.7954756740006195
1313,IE,2020-Q1,465000.0,3.602417105670902
1314,IE,2020-Q2,52000.0,0.4028509451502944
1315,IE,2020-Q3,167000.0,1.2937713046172916
1316,IE,2020-Q4,150000.0,1.1620700340873877
1317,IE,2021-Q1,74000.0,0.5732878834831112
1318,IE,2021-Q2,180000.0,1.394484040904865
1319,IE,2021-Q3,301000.0,2.331887201735358
1320,IE,2021-Q4,315000.0,2.4403470715835143
1321,IE,2022-Q1,311000.0,2.4093585373411837
1322,IE,2022-Q2,423000.0,3.2770374961264332
1323,IE,2022-Q3,501000.0,3.8813139138518746
1324,IE,2022-Q4,513000.0,3.974279516578866
1325,IE,2023-Q1,459000.0,3.555934304307406
1382,IT,2018-Q1,12905000.0,5.45522949586155
1383,IT,2018-Q2,14528000.0,6.1413075641903605
1384,IT,2018-Q3,13576000.0,5.738876066316653
1385,IT,2018-Q4,14027000.0,5.929523761212705
1386,IT,2019-Q1,13146000.0,5.557105536814873
1387,IT,2019-Q2,14806000.0,6.258824325124069
1388,IT,2019-Q3,13753000.0,5.813697888925525
1389,IT,2019-Q4,14455000.0,6.110448846391221
1390,IT,2020-Q1,8813000.0,3.725450410463219
1391,IT,2020-Q2,2089000.0,0.8830665956493435
1392,IT,2020-Q3,6765000.0,2.859715423440789
1393,IT,2020-Q4,4398000.0,1.8591320668577371
1394,IT,2021-Q1,3623000.0,1.5315223915929017
1395,IT,2021-Q2,5905000.0,2.49617436443723
1396,IT,2021-Q3,8505000.0,3.595251984680549
1397,IT,2021-Q4,9387000.0,3.968092931240013
1398,IT,2022-Q1,8110000.0,3.428276730835891
1399,IT,2022-Q2,11958000.0,5.054911608796003
1400,IT,2022-Q3,12618000.0,5.333908235473153
1401,IT,2022-Q4,13104000.0,5.5393512060263275
1402,IT,2023-Q1,12186000.0,5.151292261648109
1459,LT,2018-Q1,75000.0,5.639097744360902
1460,LT,2018-Q2,92000.0,6.917293233082707
1461,LT,2018-Q3,97000.0,7.293233082706767
1462,LT,2018-Q4,91000.0,6.842105263157895
1463,LT,2019-Q1,86000.0,6.466165413533835
1464,LT,2019-Q2,95000.0,7.142857142857143
1465,LT,2019-Q3,93000.0,6.992481203007519
1466,LT,2019-Q4,84000.0,6.315789473684211
1467,LT,2020-Q1,71000.0,5.338345864661654
1468,LT,2020-Q2,41000.0,3.082706766917293
1469,LT,2020-Q3,82000.0,6.165413533834586
1470,LT,2020-Q4,44000.0,3.308270676691729
1471,LT,2021-Q1,35000.0,2.6315789473684212
1472,LT,2021-Q2,71000.0,5.338345864661654
1473,LT,2021-Q3,96000.0,7.2180451127819545
1474,LT,2021-Q4,85000.0,6.390977443609023
1475,LT,2022-Q1,72000.0,5.413533834586466
1476,LT,2022-Q2,102000.0,7.669172932330827
1477,LT,2022-Q3,115000.0,8.646616541353383
1478,LT,2022-Q4,92000.0,6.917293233082707
1479,LT,2023-Q1,79000.0,5.93984962406015
1480,LT,2023-Q2,101000.0,7.593984962406015
1537,LU,2018-Q1,120000.0,1.8113207547169812
1538,LU,2018-Q2,111000.0,1.6754716981132076
1539,LU,2018-Q3,87000.0,1.3132075471698113
1540,LU,2018-Q4,124000.0,1.8716981132075472
1541,LU,2019-Q1,120000.0,1.8113207547169812
1542,LU,2019-Q2,116000.0,1.7509433962264151
1543,LU,2019-Q3,101000.0,1.5245283018867926
1544,LU,2019-Q4,126000.0,1.9018867924528302
1545,LU,2020-Q1,104000.0,1.569811320754717
1546,LU,2020-Q2,25000.0,0.37735849056603776
1547,LU,2020-Q3,59000.0,0.8905660377358491
1548,LU,2020-Q4,82000.0,1.2377358490566037
1549,LU,2021-Q1,67000.0,1.0113207547169811
1550,LU,2021-Q2,77000.0,1.1622641509433962
1551,LU,2021-Q3,67000.0,1.0113207547169811
1552,LU,2021-Q4,92000.0,1.3886792452830188
1553,LU,2022-Q1,95000.0,1.4339622641509433
1554,LU,2022-Q2,93000.0,1.4037735849056603
1555,LU,2022-Q3,89000.0,1.3433962264150943
1556,LU,2022-Q4,112000.0,1.6905660377358491
1557,LU,2023-Q1,123000.0,1.8566037735849057
1614,LV,2018-Q1,133000.0,2.5304414003044142
1615,LV,2018-Q2,164000.0,3.1202435312024352
1616,LV,2018-Q3,175000.0,3.3295281582952816
1617,LV,2018-Q4,151000.0,2.8729071537290714
1618,LV,2019-Q1,140000.0,2.6636225266362255
1619,LV,2019-Q2,169000.0,3.215372907153729
1620,LV,2019-Q3,180000.0,3.4246575342465753
1621,LV,2019-Q4,154000.0,2.929984779299848
1622,LV,2020-Q1,124000.0,2.3592085235920854
1623,LV,2020-Q2,72000.0,1.36986301369863
1624,LV,2020-Q3,133000.0,2.5304414003044142
1625,LV,2020-Q4,84000.0,1.5981735159817352
1626,LV,2021-Q1,60000.0,1.1415525114155252
1627,LV,2021-Q2,88000.0,1.67427701674277
1628,LV,2021-Q3,122000.0,2.321156773211568
1629,LV,2021-Q4,91000.0,1.7313546423135464
1630,LV,2022-Q1,92000.0,1.7503805175038052
1631,LV,2022-Q2,140000.0,2.6636225266362255
1632,LV,2022-Q3,167000.0,3.1773211567732114
1633,LV,2022-Q4,140000.0,2.6636225266362255
1634,LV,2023-Q1,129000.0,2.454337899543379
1635,LV,2023-Q2,155000.0,2.9490106544901065
1680,ME,2018-Q1,12000.0,3.669724770642202
1681,ME,2018-Q2,17000.0,5.198776758409786
1682,ME,2018-Q3,23000.0,7.033639143730887
1683,ME,2018-Q4,14000.0,4.281345565749236
1684,ME,2019-Q1,12000.0,3.669724770642202
1685,ME,2019-Q2,17000.0,5.198776758409786
1686,ME,2019-Q3,24000.0,7.339449541284404
1687,ME,2019-Q4,13000.0,3.9755351681957185
1688,ME,2020-Q1,10000.0,3.058103975535168
1689,ME,2020-Q2,3000.0,0.9174311926605505
1690,ME,2020-Q3,9000.0,2.7522935779816513
1691,ME,2020-Q4,6000.0,1.834862385321101
1692,ME,2021-Q1,4000.0,1.2232415902140672
1693,ME,2021-Q2,9000.0,2.7522935779816513
1694,ME,2021-Q3,16000.0,4.892966360856269
1695,ME,2021-Q4,8000.0,2.4464831804281344
1696,ME,2022-Q1,7000.0,2.140672782874618
1697,ME,2022-Q2,14000.0,4.281345565749236
1698,ME,2022-Q3,19000.0,5.81039755351682
1699,ME,2022-Q4,11000.0,3.363914373088685
1700,ME,2023-Q1,11000.0,3.363914373088685
1737,MK,2018-Q1,16000.0,10.81081081081081
1738,MK,2018-Q2,18000.0,12.162162162162161
1739,MK,2018-Q3,14000.0,9.45945945945946
1740,MK,2018-Q4,16000.0,10.81081081081081
1741,MK,2019-Q1,15000.0,10.135135135135135
1742,MK,2019-Q2,16000.0,10.81081081081081
1743,MK,2019-Q3,14000.0,9.45945945945946
1744,MK,2019-Q4,17000.0,11.486486486486486
1745,MK,2020-Q1,10000.0,6.756756756756757
1746,MK,2020-Q2,3000.0,2.027027027027027
1747,MK,2020-Q3,7000.0,4.72972972972973
1748,MK,2020-Q4,6000.0,4.054054054054054
1749,MK,2021-Q1,6000.0,4.054054054054054
1750,MK,2021-Q2,6000.0,4.054054054054054
1751,MK,2021-Q3,7000.0,4.72972972972973
1752,MK,2021-Q4,7000.0,4.72972972972973
1753,MK,2022-Q1,6000.0,4.054054054054054
1754,MK,2022-Q2,12000.0,8.108108108108109
1755,MK,2022-Q3,12000.0,8.108108108108109
1756,MK,2022-Q4,16000.0,10.81081081081081
1757,MK,2023-Q1,12000.0,8.108108108108109
1814,NL,2018-Q1,4581000.0,4.488096404428333
1815,NL,2018-Q2,4770000.0,4.673263446654257
1816,NL,2018-Q3,4507000.0,4.415597139218184
1817,NL,2018-Q4,5038000.0,4.935828353091016
1818,NL,2019-Q1,4695000.0,4.59978446164397
1819,NL,2019-Q2,4885000.0,4.785931223670031
1820,NL,2019-Q3,4621000.0,4.52728519643382
1821,NL,2019-Q4,5152000.0,5.0475164103066525
1822,NL,2020-Q1,4006000.0,3.924757519349466
1823,NL,2020-Q2,1049000.0,1.0277260703438817
1824,NL,2020-Q3,2086000.0,2.0436955030861172
1825,NL,2020-Q4,2024000.0,1.9829528754776133
1826,NL,2021-Q1,1579000.0,1.5469775644165769
1827,NL,2021-Q2,2368000.0,2.3199764867247965
1828,NL,2021-Q3,3168000.0,3.1037523268345253
1829,NL,2021-Q4,3738000.0,3.662192612912707
1830,NL,2022-Q1,3319000.0,3.2516900166552367
1831,NL,2022-Q2,4654000.0,4.559615949838347
1832,NL,2022-Q3,4155000.0,4.070735769569903
1833,NL,2022-Q4,4977000.0,4.8760654452826495
1834,NL,2023-Q1,4558000.0,4.465562849025178
1891,NO,2018-Q1,911000.0,4.219155242682475
1892,NO,2018-Q2,948000.0,4.390515005557614
1893,NO,2018-Q3,926000.0,4.288625416821045
1894,NO,2018-Q4,974000.0,4.510929974064468
1895,NO,2019-Q1,960000.0,4.44609114486847
1896,NO,2019-Q2,967000.0,4.478510559466469
1897,NO,2019-Q3,926000.0,4.288625416821045
1898,NO,2019-Q4,958000.0,4.436828454983327
1899,NO,2020-Q1,762000.0,3.529084846239348
1900,NO,2020-Q2,273000.0,1.264357169321971
1901,NO,2020-Q3,416000.0,1.9266394961096702
1902,NO,2020-Q4,336000.0,1.5561319007039645
1903,NO,2021-Q1,278000.0,1.2875138940348276
1904,NO,2021-Q2,353000.0,1.6348647647276768
1905,NO,2021-Q3,520000.0,2.4082993701370876
1906,NO,2021-Q4,645000.0,2.987217487958503
1907,NO,2022-Q1,600000.0,2.7788069655427936
1908,NO,2022-Q2,955000.0,4.422934420155613
1909,NO,2022-Q3,806000.0,3.732864023712486
1910,NO,2022-Q4,871000.0,4.033901444979622
1911,NO,2023-Q1,859000.0,3.978325305668766
1968,PL,2018-Q1,4599000.0,5.238816681285384
1969,PL,2018-Q2,5237000.0,5.965575768621778
1970,PL,2018-Q3,6062000.0,6.9053504505222865
1971,PL,2018-Q4,5065000.0,5.769646986455854
1972,PL,2019-Q1,4901000.0,5.582831170902297
1973,PL,2019-Q2,5452000.0,6.210486746329183
1974,PL,2019-Q3,6280000.0,7.15367879070933
1975,PL,2019-Q4,5341000.0,6.084044334582569
1976,PL,2020-Q1,4338000.0,4.941506145556859
1977,PL,2020-Q2,1651000.0,1.8806884846275644
1978,PL,2020-Q3,4123000.0,4.696595167849454
1979,PL,2020-Q4,2409000.0,2.744142071149487
1980,PL,2021-Q1,2485000.0,2.8307152539669884
1981,PL,2021-Q2,3326000.0,3.7887158690922345
1982,PL,2021-Q3,5496000.0,6.2606080626972105
1983,PL,2021-Q4,4439000.0,5.0565573490380125
1984,PL,2022-Q1,4458000.0,5.078200644742388
1985,PL,2022-Q2,6031000.0,6.870037704899358
1986,PL,2022-Q3,7154000.0,8.149270393110598
1987,PL,2022-Q4,5884000.0,6.702586943397086
1988,PL,2023-Q1,5433000.0,6.188843450624808
2045,PT,2018-Q1,1036000.0,2.1136386820361115
2046,PT,2018-Q2,1157000.0,2.360501887177395
2047,PT,2018-Q3,1211000.0,2.47067224319086
2048,PT,2018-Q4,1085000.0,2.213608079159441
2049,PT,2019-Q1,1063000.0,2.168723860042844
2050,PT,2019-Q2,1274000.0,2.5992043252065695
2051,PT,2019-Q3,1354000.0,2.7624196674487402
2052,PT,2019-Q4,1273000.0,2.5971641334285422
2053,PT,2020-Q1,973000.0,1.9851066000204018
2054,PT,2020-Q2,283000.0,0.5773742731816791
2055,PT,2020-Q3,668000.0,1.362848107722126
2056,PT,2020-Q4,628000.0,1.2812404366010406
2057,PT,2021-Q1,407000.0,0.8303580536570437
2058,PT,2021-Q2,674000.0,1.3750892583902887
2059,PT,2021-Q3,844000.0,1.7219218606549016
2060,PT,2021-Q4,968000.0,1.9749056411302663
2061,PT,2022-Q1,903000.0,1.8422931755585026
2062,PT,2022-Q2,1145000.0,2.3360195858410693
2063,PT,2022-Q3,1224000.0,2.4971947363052127
2064,PT,2022-Q4,1148000.0,2.3421401611751507
2065,PT,2023-Q1,1030000.0,2.1013975313679487
2122,RO,2018-Q1,1126000.0,6.484680949090071
2123,RO,2018-Q2,1354000.0,7.797742455655379
2124,RO,2018-Q3,1617000.0,9.312370421561852
2125,RO,2018-Q4,1329000.0,7.653766413268832
2126,RO,2019-Q1,1215000.0,6.9972356599861785
2127,RO,2019-Q2,1451000.0,8.35636950011518
2128,RO,2019-Q3,1684000.0,9.698226215157797
2129,RO,2019-Q4,1386000.0,7.982031789910159
2130,RO,2020-Q1,1102000.0,6.346463948398986
2131,RO,2020-Q2,592000.0,3.40935268371343
2132,RO,2020-Q3,1130000.0,6.507717115871919
2133,RO,2020-Q4,785000.0,4.520847730937572
2134,RO,2021-Q1,830000.0,4.780004607233356
2135,RO,2021-Q2,937000.0,5.396222068647777
2136,RO,2021-Q3,1415000.0,8.149043999078554
2137,RO,2021-Q4,922000.0,5.309836443215849
2138,RO,2022-Q1,999000.0,5.753282653766413
2139,RO,2022-Q2,1497000.0,8.621285418106426
2140,RO,2022-Q3,1740000.0,10.020732550103663
2141,RO,2022-Q4,1380000.0,7.947477539737387
2142,RO,2023-Q1,1278000.0,7.360055286800277
2143,RS,2021-Q1,,
2144,RS,2021-Q2,,
2145,RS,2021-Q3,,
2146,RS,2021-Q4,,
2147,RS,2022-Q1,,
2148,RS,2022-Q2,,
2149,RS,2022-Q3,,
2150,RS,2022-Q4,141000.0,
2207,SE,2018-Q1,3304000.0,4.795494789398822
2208,SE,2018-Q2,3454000.0,5.013207930564022
2209,SE,2018-Q3,3264000.0,4.737437951754768
2210,SE,2018-Q4,3525000.0,5.116258817382217
2211,SE,2019-Q1,3540000.0,5.138030131498737
2212,SE,2019-Q2,3692000.0,5.358646114546141
2213,SE,2019-Q3,3620000.0,5.2541438067868445
2214,SE,2019-Q4,3765000.0,5.464599843246538
2215,SE,2020-Q1,3324000.0,4.824523208220848
2216,SE,2020-Q2,1250000.0,1.8142761763766728
2217,SE,2020-Q3,1892000.0,2.7460884205637317
2218,SE,2020-Q4,1662000.0,2.412261604110424
2219,SE,2021-Q1,1311000.0,1.9028128537838545
2220,SE,2021-Q2,1580000.0,2.2932450869401144
2221,SE,2021-Q3,2345000.0,3.403582106882638
2222,SE,2021-Q4,2792000.0,4.052367267554937
2223,SE,2022-Q1,,
2224,SE,2022-Q2,,
2225,SE,2022-Q3,,
2226,SE,2022-Q4,,
2227,SE,2023-Q1,,
2284,SI,2018-Q1,142000.0,4.023802776990649
2285,SI,2018-Q2,141000.0,3.995466137716067
2286,SI,2018-Q3,139000.0,3.938792859166903
2287,SI,2018-Q4,147000.0,4.165485973363559
2288,SI,2019-Q1,140000.0,3.967129498441485
2289,SI,2019-Q2,141000.0,3.995466137716067
2290,SI,2019-Q3,142000.0,4.023802776990649
2291,SI,2019-Q4,149000.0,4.222159251912723
2292,SI,2020-Q1,118000.0,3.34372343440068
2293,SI,2020-Q2,61000.0,1.7285349957495042
2294,SI,2020-Q3,93000.0,2.635307452536129
2295,SI,2020-Q4,67000.0,1.8985548313969962
2296,SI,2021-Q1,104000.0,2.9470104845565315
2297,SI,2021-Q2,121000.0,3.4287333522244263
2298,SI,2021-Q3,135000.0,3.8254463020685745
2299,SI,2021-Q4,144000.0,4.080476055539813
2300,SI,2022-Q1,146000.0,4.137149334088977
2301,SI,2022-Q2,165000.0,4.6755454803060355
2302,SI,2022-Q3,167000.0,4.7322187588552
2303,SI,2022-Q4,167000.0,4.7322187588552
2304,SI,2023-Q1,167000.0,4.7322187588552
2361,SK,2018-Q1,951000.0,4.496028744326778
2362,SK,2018-Q2,1035000.0,4.893154311649017
2363,SK,2018-Q3,1028000.0,4.860060514372163
2364,SK,2018-Q4,1005000.0,4.751323751891074
2365,SK,2019-Q1,1001000.0,4.732413010590015
2366,SK,2019-Q2,1059000.0,5.006618759455371
2367,SK,2019-Q3,1076000.0,5.086989409984872
2368,SK,2019-Q4,1049000.0,4.959341906202723
2369,SK,2020-Q1,804000.0,3.801059001512859
2370,SK,2020-Q2,315000.0,1.4892208774583964
2371,SK,2020-Q3,714000.0,3.3755673222390317
2372,SK,2020-Q4,359000.0,1.6972390317700454
2373,SK,2021-Q1,230000.0,1.0873676248108926
2374,SK,2021-Q2,485000.0,2.292927382753404
2375,SK,2021-Q3,761000.0,3.597768532526475
2376,SK,2021-Q4,576000.0,2.723146747352496
2377,SK,2022-Q1,623000.0,2.9453479576399393
2378,SK,2022-Q2,913000.0,4.316376701966717
2379,SK,2022-Q3,909000.0,4.297465960665658
2380,SK,2022-Q4,893000.0,4.221822995461422
2381,SK,2023-Q1,846000.0,3.999621785173979
2382,SK,2023-Q2,933000.0,4.410930408472012
2439,TR,2018-Q1,1209000.0,2.345568834393916
2440,TR,2018-Q2,1349000.0,2.617181437218687
2441,TR,2018-Q3,1531000.0,2.9702778208908893
2442,TR,2018-Q4,1471000.0,2.853872419680273
2443,TR,2019-Q1,1605000.0,3.113844482383983
2444,TR,2019-Q2,2913000.0,5.651482228775415
2445,TR,2019-Q3,3083000.0,5.981297532205494
2446,TR,2019-Q4,3395000.0,6.586605618500698
2447,TR,2020-Q1,2779000.0,5.391510166071706
2448,TR,2020-Q2,509000.0,0.9875058202700605
2449,TR,2020-Q3,1465000.0,2.8422318795592116
2450,TR,2020-Q4,1299000.0,2.52017693620984
2451,TR,2021-Q1,1247000.0,2.4192922551606393
2452,TR,2021-Q2,1296000.0,2.5143566661493093
2453,TR,2021-Q3,2634000.0,5.11019711314605
2454,TR,2021-Q4,3344000.0,6.487661027471675
2455,TR,2022-Q1,3473000.0,6.7379326400745
2456,TR,2022-Q2,4123000.0,7.998991153189508
2457,TR,2022-Q3,3995000.0,7.75065963060686
2458,TR,2022-Q4,4593000.0,8.910833462672668
2459,TR,2023-Q1,4047000.0,7.851544311656061
2516,UK,2018-Q1,16743000.0,3.5416856164369075
2517,UK,2018-Q2,17344000.0,3.6688165401350847
2518,UK,2018-Q3,17826000.0,3.7707751178763846
2519,UK,2018-Q4,17794000.0,3.7640060836694933
2520,UK,2019-Q1,17272000.0,3.653586213169579
2521,UK,2019-Q2,18000000.0,3.807581741376356
2522,UK,2019-Q3,18428000.0,3.8981175738935274
2523,UK,2019-Q4,18124000.0,3.83381174892806
2524,UK,2020-Q1,14668000.0,3.1027560545837995
2525,UK,2020-Q2,1258000.0,0.26610765725841423
2526,UK,2020-Q3,4967000.0,1.050681028300909
2583,AT,2018-Q1,,
2584,AT,2018-Q2,,
2585,AT,2018-Q3,,
2586,AT,2018-Q4,,
2587,AT,2019-Q1,,
2588,AT,2019-Q2,,
2589,AT,2019-Q3,,
2590,AT,2019-Q4,,
2591,AT,2020-Q1,,
2592,AT,2020-Q2,,
2593,AT,2020-Q3,,
2594,AT,2020-Q4,,
2595,AT,2021-Q1,,
2596,AT,2021-Q2,,
2597,AT,2021-Q3,,
2598,AT,2021-Q4,,
2599,AT,2022-Q1,,
2600,AT,2022-Q2,,
2601,AT,2022-Q3,,
2602,AT,2022-Q4,,
2603,AT,2023-Q1,,
2604,BA,2021-Q1,37000.0,
2605,BA,2021-Q2,48000.0,
2606,BA,2021-Q3,79000.0,
2607,BA,2021-Q4,86000.0,
2608,BA,2022-Q1,86000.0,
2609,BA,2022-Q2,129000.0,
2610,BA,2022-Q3,115000.0,
2611,BA,2022-Q4,111000.0,
2612,BA,2023-Q1,95000.0,
2669,BE,2018-Q1,,
2670,BE,2018-Q2,,
2671,BE,2018-Q3,,
2672,BE,2018-Q4,,
2673,BE,2019-Q1,,
2674,BE,2019-Q2,,
2675,BE,2019-Q3,,
2676,BE,2019-Q4,,
2677,BE,2020-Q1,,
2678,BE,2020-Q2,,
2679,BE,2020-Q3,,
2680,BE,2020-Q4,,
2681,BE,2021-Q1,,
2682,BE,2021-Q2,,
2683,BE,2021-Q3,,
2684,BE,2021-Q4,,
2685,BE,2022-Q1,,
2686,BE,2022-Q2,,
2687,BE,2022-Q3,,
2688,BE,2022-Q4,,
2689,BE,2023-Q1,,
2738,BG,2018-Q1,4877000.0,85.77207175518818
2739,BG,2018-Q2,5596000.0,98.4171649665846
2740,BG,2018-Q3,5650000.0,99.36686598663384
2741,BG,2018-Q4,5207000.0,91.57580021104467
2742,BG,2019-Q1,4958000.0,87.19662328526205
2743,BG,2019-Q2,5584000.0,98.20612029546254
2744,BG,2019-Q3,5686000.0,100.0
2745,BG,2019-Q4,5101000.0,89.71157228279986
2746,BG,2020-Q1,4590000.0,80.72458670418573
2747,BG,2020-Q2,3533000.0,62.13506858951811
2748,BG,2020-Q3,4663000.0,82.00844178684488
2749,BG,2020-Q4,3998000.0,70.31304959549772
2750,BG,2021-Q1,3701000.0,65.08969398522687
2751,BG,2021-Q2,4344000.0,76.39817094618361
2752,BG,2021-Q3,4888000.0,85.9655293703834
2753,BG,2021-Q4,4209000.0,74.0239183960605
2754,BG,2022-Q1,4143000.0,72.8631727048892
2755,BG,2022-Q2,5854000.0,102.95462539570876
2756,BG,2022-Q3,7006000.0,123.21491382342596
2757,BG,2022-Q4,6063000.0,106.63032008441787
2758,BG,2023-Q1,5048000.0,88.77945831867746
2759,BG,2023-Q2,5693000.0,100.12310939148786
2800,CH,2018-Q1,118643000.0,90.35129804360574
2801,CH,2018-Q2,123270000.0,93.87494002878618
2802,CH,2018-Q3,121125000.0,92.24143839528455
2803,CH,2018-Q4,127597000.0,97.17012024704333
2804,CH,2019-Q1,123978000.0,94.41410979872518
2805,CH,2019-Q2,126102000.0,96.03161910854219
2806,CH,2019-Q3,127831000.0,97.3483204252435
2807,CH,2019-Q4,131313000.0,100.0
2808,CH,2020-Q1,112214000.0,85.4553623784393
2809,CH,2020-Q2,53871000.0,41.024879486417944
2810,CH,2020-Q3,96025000.0,73.12680389603466
2811,CH,2020-Q4,83057000.0,63.25116325116325
2812,CH,2021-Q1,72489000.0,55.20321674167828
2813,CH,2021-Q2,78581000.0,59.84251368866754
2814,CH,2021-Q3,93383000.0,71.11481726866342
2815,CH,2021-Q4,101544000.0,77.32973886820041
2816,CH,2022-Q1,93864000.0,71.4811176349638
2817,CH,2022-Q2,110535000.0,84.17673802289187
2818,CH,2022-Q3,115737000.0,88.13826506134198
2819,CH,2022-Q4,119862000.0,91.27961435653744
2820,CH,2023-Q1,120078000.0,91.44410682872221
2877,CZ,2018-Q1,45183000.0,90.273920600987
2878,CZ,2018-Q2,49105000.0,98.10992787356896
2879,CZ,2018-Q3,47063000.0,94.03008930890492
2880,CZ,2018-Q4,48290000.0,96.48158877944496
2881,CZ,2019-Q1,47197000.0,94.29781622744801
2882,CZ,2019-Q2,50051000.0,100.0
2883,CZ,2019-Q3,49221000.0,98.3416914746958
2884,CZ,2019-Q4,47740000.0,95.3827096361711
2885,CZ,2020-Q1,38988000.0,77.89654552356596
2886,CZ,2020-Q2,25934000.0,51.81514854848055
2887,CZ,2020-Q3,39053000.0,78.02641305868015
2888,CZ,2020-Q4,25167000.0,50.282711634133186
2889,CZ,2021-Q1,22715000.0,45.383708617210445
2890,CZ,2021-Q2,32512000.0,64.95774310203592
2891,CZ,2021-Q3,38820000.0,77.56088789434777
2892,CZ,2021-Q4,39774000.0,79.46694371740824
2893,CZ,2022-Q1,37863000.0,75.64883818505125
2894,CZ,2022-Q2,45465000.0,90.83734590717468
2895,CZ,2022-Q3,45516000.0,90.93924197318735
2896,CZ,2022-Q4,46679000.0,93.2628718706919
2897,CZ,2023-Q1,41644000.0,83.20313280453936
2954,DE,2018-Q1,705485000.0,94.84160912864856
2955,DE,2018-Q2,712346000.0,95.76396506850789
2956,DE,2018-Q3,708179000.0,95.20377599965585
2957,DE,2018-Q4,747517000.0,100.49216515024413
2958,DE,2019-Q1,720915000.0,96.91593534232432
2959,DE,2019-Q2,725410000.0,97.52021896711192
2960,DE,2019-Q3,731455000.0,98.33287625561937
2961,DE,2019-Q4,743856000.0,100.0
2962,DE,2020-Q1,620036000.0,83.35430513432708
2963,DE,2020-Q2,295000000.0,39.65821341765073
2964,DE,2020-Q3,480000000.0,64.52861844227915
2965,DE,2020-Q4,406081000.0,54.59134563678992
2966,DE,2021-Q1,322700000.0,43.382052440257254
2967,DE,2021-Q2,392500000.0,52.76558903873868
2968,DE,2021-Q3,524300000.0,70.4840721860145
2969,DE,2021-Q4,516600000.0,69.44892559850294
2970,DE,2022-Q1,470600000.0,63.26493299778452
2971,DE,2022-Q2,656000000.0,88.18911187111485
2972,DE,2022-Q3,740100000.0,99.49506356068916
2973,DE,2022-Q4,663383000.0,89.18164268353014
2974,DE,2023-Q1,598400000.0,80.44567765804135
3031,DK,2018-Q1,49536000.0,92.5266638026038
3032,DK,2018-Q2,52850000.0,98.71677531426863
3033,DK,2018-Q3,49548000.0,92.54907820759475
3034,DK,2018-Q4,53306000.0,99.56852270392439
3035,DK,2019-Q1,50616000.0,94.54396025178848
3036,DK,2019-Q2,51452000.0,96.10549713282403
3037,DK,2019-Q3,50992000.0,95.24627827483796
3038,DK,2019-Q4,53537000.0,100.0
3039,DK,2020-Q1,42110000.0,78.65588284737657
3040,DK,2020-Q2,23303000.0,43.52690662532454
3041,DK,2020-Q3,36991000.0,69.09427125165773
3042,DK,2020-Q4,31493000.0,58.824738031641665
3043,DK,2021-Q1,19656000.0,36.7147953751611
3044,DK,2021-Q2,32027000.0,59.82217905373854
3045,DK,2021-Q3,39862000.0,74.45691764574033
3046,DK,2021-Q4,42190000.0,78.80531221398286
3047,DK,2022-Q1,38309000.0,71.55612006649606
3048,DK,2022-Q2,48549000.0,90.68307899209893
3049,DK,2022-Q3,48831000.0,91.20981750938603
3050,DK,2022-Q4,49218000.0,91.93268207034387
3051,DK,2023-Q1,48413000.0,90.42904906886825
3108,EE,2018-Q1,1865000.0,86.22283865002312
3109,EE,2018-Q2,2046000.0,94.59084604715673
3110,EE,2018-Q3,1898000.0,87.74849745723532
3111,EE,2018-Q4,1950000.0,90.15256588072123
3112,EE,2019-Q1,1957000.0,90.47619047619048
3113,EE,2019-Q2,2163000.0,100.0
3114,EE,2019-Q3,2105000.0,97.31853906611188
3115,EE,2019-Q4,2147000.0,99.26028663892741
3116,EE,2020-Q1,1800000.0,83.21775312066575
3117,EE,2020-Q2,978000.0,45.21497919556172
3118,EE,2020-Q3,1673000.0,77.3462783171521
3119,EE,2020-Q4,1534000.0,70.92001849283403
3120,EE,2021-Q1,1202000.0,55.570966250577904
3121,EE,2021-Q2,1529000.0,70.68885806749884
3122,EE,2021-Q3,1755000.0,81.13730929264909
3123,EE,2021-Q4,1591000.0,73.5552473416551
3124,EE,2022-Q1,1495000.0,69.1169671752196
3125,EE,2022-Q2,1978000.0,91.44706426259825
3126,EE,2022-Q3,1837000.0,84.92834026814609
3127,EE,2022-Q4,1819000.0,84.09616273693943
3128,EE,2023-Q1,1793000.0,82.89412852519649
3185,EL,2018-Q1,3596000.0,68.45612031220256
3186,EL,2018-Q2,3807000.0,72.4728726442033
3187,EL,2018-Q3,4021000.0,76.54673519893394
3188,EL,2018-Q4,5366000.0,102.15115172282505
3189,EL,2019-Q1,4754000.0,90.50066628593184
3190,EL,2019-Q2,4831000.0,91.96649533599847
3191,EL,2019-Q3,4767000.0,90.74814391776128
3192,EL,2019-Q4,5253000.0,100.0
3193,EL,2020-Q1,3958000.0,75.34742052160671
3194,EL,2020-Q2,1512000.0,28.7835522558538
3195,EL,2020-Q3,2979000.0,56.71045117075957
3196,EL,2020-Q4,1771000.0,33.71406815153246
3197,EL,2021-Q1,1362000.0,25.928041119360365
3198,EL,2021-Q2,2109000.0,40.14848657909766
3199,EL,2021-Q3,3007000.0,57.24347991623834
3200,EL,2021-Q4,3550000.0,67.58043023034456
3201,EL,2022-Q1,3102000.0,59.05197030268418
3202,EL,2022-Q2,3956000.0,75.30934703978679
3203,EL,2022-Q3,3948000.0,75.15705311250714
3204,EL,2022-Q4,4366000.0,83.11441081286884
3205,EL,2023-Q1,3151000.0,59.98477060727203
3262,ES,2018-Q1,150246000.0,90.52054464393301
3263,ES,2018-Q2,163229000.0,98.34257139414387
3264,ES,2018-Q3,140311000.0,84.53488372093024
3265,ES,2018-Q4,165269000.0,99.57163513676346
3266,ES,2019-Q1,161458000.0,97.27557537052657
3267,ES,2019-Q2,160348000.0,96.60682009880709
3268,ES,2019-Q3,139321000.0,83.93842631642366
3269,ES,2019-Q4,165980000.0,100.0
3270,ES,2020-Q1,131495000.0,79.22340040968791
3271,ES,2020-Q2,35048000.0,21.115797083986024
3272,ES,2020-Q3,77545000.0,46.71948427521388
3273,ES,2020-Q4,85390000.0,51.445957344258346
3274,ES,2021-Q1,81867000.0,49.32341245933245
3275,ES,2021-Q2,100547000.0,60.577780455476564
3276,ES,2021-Q3,99937000.0,60.21026629714424
3277,ES,2021-Q4,122041000.0,73.52753343776358
3278,ES,2022-Q1,120568000.0,72.64007711772503
3279,ES,2022-Q2,134845000.0,81.24171586938185
3280,ES,2022-Q3,127618000.0,76.88757681648391
3281,ES,2022-Q4,158563000.0,95.53138932401494
3282,ES,2023-Q1,161348000.0,97.20930232558139
3283,ES,2023-Q2,164272000.0,98.97096035666948
3340,FI,2018-Q1,22199000.0,88.29448731206746
3341,FI,2018-Q2,20845000.0,82.90907644578793
3342,FI,2018-Q3,21095000.0,83.90342852597247
3343,FI,2018-Q4,23364000.0,92.92816800572747
3344,FI,2019-Q1,22553000.0,89.70248985760878
3345,FI,2019-Q2,22426000.0,89.19735900087503
3346,FI,2019-Q3,22681000.0,90.21159812266328
3347,FI,2019-Q4,25142000.0,100.0
3348,FI,2020-Q1,18742000.0,74.54458674727547
3349,FI,2020-Q2,10777000.0,42.864529472595656
3350,FI,2020-Q3,14838000.0,59.01678466311351
3351,FI,2020-Q4,15193000.0,60.42876461697558
3352,FI,2021-Q1,10580000.0,42.08098003341023
3353,FI,2021-Q2,12183000.0,48.456765571553575
3354,FI,2021-Q3,15109000.0,60.09466231803357
3355,FI,2021-Q4,17136000.0,68.15686898416992
3356,FI,2022-Q1,15154000.0,60.273645692466786
3357,FI,2022-Q2,19273000.0,76.65659056558746
3358,FI,2022-Q3,20622000.0,82.0221143902633
3359,FI,2022-Q4,21040000.0,83.68467106833188
3360,FI,2023-Q1,19777000.0,78.66120435923952
3417,FR,2018-Q1,332562000.0,97.8339339560197
3418,FR,2018-Q2,277789000.0,81.7206736780172
3419,FR,2018-Q3,293647000.0,86.38582040155917
3420,FR,2018-Q4,342610000.0,100.78988012061484
3421,FR,2019-Q1,336644000.0,99.03478708538648
3422,FR,2019-Q2,339925000.0,100.0
3423,FR,2019-Q3,303462000.0,89.27322203427227
3424,FR,2019-Q4,285299000.0,83.92998455541664
3425,FR,2020-Q1,244776000.0,72.00882547620799
3426,FR,2020-Q2,81365000.0,23.936162388762227
3427,FR,2020-Q3,205988000.0,60.598073104361255
3428,FR,2020-Q4,191724000.0,56.40185335000368
3429,FR,2021-Q1,192935000.0,56.75810840626609
3430,FR,2021-Q2,196795000.0,57.89365301169376
3431,FR,2021-Q3,229212000.0,67.4301684195043
3432,FR,2021-Q4,275455000.0,81.03405162903582
3433,FR,2022-Q1,261711000.0,76.99080679561668
3434,FR,2022-Q2,297005000.0,87.37368537177319
3435,FR,2022-Q3,273282000.0,80.39479296903728
3436,FR,2022-Q4,310411000.0,91.31749650658233
3437,FR,2023-Q1,286303000.0,84.22534382584394
3494,HR,2018-Q1,5203000.0,95.38038496791934
3495,HR,2018-Q2,5235000.0,95.96700274977086
3496,HR,2018-Q3,4238000.0,77.69019248395966
3497,HR,2018-Q4,5568000.0,102.07149404216315
3498,HR,2019-Q1,5156000.0,94.51879010082493
3499,HR,2019-Q2,5076000.0,93.05224564619616
3500,HR,2019-Q3,4139000.0,75.87534372135656
3501,HR,2019-Q4,5455000.0,100.0
3502,HR,2020-Q1,4761000.0,87.27772685609533
3503,HR,2020-Q2,1697000.0,31.109074243813016
3504,HR,2020-Q3,3111000.0,57.03024747937672
3505,HR,2020-Q4,3530000.0,64.71127406049496
3506,HR,2021-Q1,3105000.0,56.92025664527956
3507,HR,2021-Q2,3385000.0,62.05316223648029
3508,HR,2021-Q3,3020000.0,55.36205316223648
3509,HR,2021-Q4,4023000.0,73.74885426214482
3510,HR,2022-Q1,4180000.0,76.62694775435381
3511,HR,2022-Q2,4672000.0,85.6461961503208
3512,HR,2022-Q3,4613000.0,84.56461961503209
3513,HR,2022-Q4,5116000.0,93.78551787351054
3514,HR,2023-Q1,6015000.0,110.26581118240146
3571,HU,2018-Q1,36833000.0,98.67391770252894
3572,HU,2018-Q2,38228000.0,102.41105872267467
3573,HU,2018-Q3,35780000.0,95.85297899699957
3574,HU,2018-Q4,37144000.0,99.50707243891985
3575,HU,2019-Q1,36472000.0,97.70681525932277
3576,HU,2019-Q2,37328000.0,100.0
3577,HU,2019-Q3,35884000.0,96.13159022717531
3578,HU,2019-Q4,37202000.0,99.66245177882554
3579,HU,2020-Q1,34190000.0,91.59344192027433
3580,HU,2020-Q2,15296000.0,40.97728246892413
3581,HU,2020-Q3,29171000.0,78.1477711101586
3582,HU,2020-Q4,22072000.0,59.129875696528075
3583,HU,2021-Q1,19316000.0,51.74667809687098
3584,HU,2021-Q2,23831000.0,63.8421560222889
3585,HU,2021-Q3,29611000.0,79.32651093013287
3586,HU,2021-Q4,31066000.0,83.22438919845692
3587,HU,2022-Q1,31022000.0,83.1065152164595
3588,HU,2022-Q2,35316000.0,94.60994427775397
3589,HU,2022-Q3,36687000.0,98.28279039862838
3590,HU,2022-Q4,38378000.0,102.81290184312044
3591,HU,2023-Q1,37530000.0,100.54114873553365
3648,IE,2018-Q1,11012000.0,85.31143476913542
3649,IE,2018-Q2,11996000.0,92.93461419274868
3650,IE,2018-Q3,12439000.0,96.36659436008676
3651,IE,2018-Q4,12512000.0,96.9321351100093
3652,IE,2019-Q1,11854000.0,91.83452122714596
3653,IE,2019-Q2,12428000.0,96.28137589092036
3654,IE,2019-Q3,12870000.0,99.70560892469786
3655,IE,2019-Q4,12908000.0,100.0
3656,IE,2020-Q1,9796000.0,75.890920359467
3657,IE,2020-Q2,1196000.0,9.26557173845677
3658,IE,2020-Q3,3539000.0,27.417105670901766
3659,IE,2020-Q4,3399000.0,26.332506972420205
3660,IE,2021-Q1,1684000.0,13.046172916021073
3661,IE,2021-Q2,3886000.0,30.105361016423924
3662,IE,2021-Q3,5678000.0,43.988224356987914
3663,IE,2021-Q4,6163000.0,47.745584133870466
3664,IE,2022-Q1,6461000.0,50.05422993492408
3665,IE,2022-Q2,8531000.0,66.09079640533002
3666,IE,2022-Q3,10070000.0,78.01363495506662
3667,IE,2022-Q4,10784000.0,83.5450883173226
3668,IE,2023-Q1,9569000.0,74.13232104121475
3725,IT,2018-Q1,215195000.0,90.96769557240808
3726,IT,2018-Q2,222259000.0,93.95380492217684
3727,IT,2018-Q3,198815000.0,84.04350656487517
3728,IT,2018-Q4,230319000.0,97.36094554493114
3729,IT,2019-Q1,218201000.0,92.23839839027401
3730,IT,2019-Q2,225385000.0,95.27523439943863
3731,IT,2019-Q3,203153000.0,85.87727530203499
3732,IT,2019-Q4,236562000.0,100.0
3733,IT,2020-Q1,149261000.0,63.09593256736078
3734,IT,2020-Q2,45978000.0,19.4359195475182
3735,IT,2020-Q3,98159000.0,41.49398466363998
3736,IT,2020-Q4,88977000.0,37.61254977553453
3737,IT,2021-Q1,84136000.0,35.5661517910738
3738,IT,2021-Q2,111509000.0,47.13732552142778
3739,IT,2021-Q3,127425000.0,53.865371445963426
3740,IT,2021-Q4,157248000.0,66.47221447231593
3741,IT,2022-Q1,139967000.0,59.167152797152546
3742,IT,2022-Q2,179172000.0,75.7399751439369
3743,IT,2022-Q3,160066000.0,67.66344552379503
3744,IT,2022-Q4,195990000.0,82.84931645826464
3745,IT,2023-Q1,190355000.0,80.46727707746807
3802,LT,2018-Q1,974000.0,73.23308270676692
3803,LT,2018-Q2,1203000.0,90.45112781954887
3804,LT,2018-Q3,1256000.0,94.43609022556392
3805,LT,2018-Q4,1232000.0,92.63157894736842
3806,LT,2019-Q1,1201000.0,90.30075187969925
3807,LT,2019-Q2,1330000.0,100.0
3808,LT,2019-Q3,1287000.0,96.76691729323308
3809,LT,2019-Q4,1173000.0,88.19548872180451
3810,LT,2020-Q1,988000.0,74.28571428571429
3811,LT,2020-Q2,573000.0,43.08270676691729
3812,LT,2020-Q3,1020000.0,76.69172932330827
3813,LT,2020-Q4,656000.0,49.32330827067669
3814,LT,2021-Q1,519000.0,39.02255639097744
3815,LT,2021-Q2,1046000.0,78.64661654135338
3816,LT,2021-Q3,1204000.0,90.52631578947368
3817,LT,2021-Q4,1179000.0,88.64661654135338
3818,LT,2022-Q1,925000.0,69.54887218045113
3819,LT,2022-Q2,1195000.0,89.84962406015038
3820,LT,2022-Q3,1292000.0,97.14285714285714
3821,LT,2022-Q4,1052000.0,79.09774436090225
3822,LT,2023-Q1,986000.0,74.13533834586467
3823,LT,2023-Q2,1247000.0,93.7593984962406
3880,LU,2018-Q1,6322000.0,95.42641509433962
3881,LU,2018-Q2,5793000.0,87.44150943396227
3882,LU,2018-Q3,4768000.0,71.96981132075472
3883,LU,2018-Q4,6449000.0,97.3433962264151
3884,LU,2019-Q1,6461000.0,97.52452830188679
3885,LU,2019-Q2,6239000.0,94.17358490566038
3886,LU,2019-Q3,5690000.0,85.88679245283019
3887,LU,2019-Q4,6625000.0,100.0
3888,LU,2020-Q1,5560000.0,83.9245283018868
3889,LU,2020-Q2,1346000.0,20.316981132075473
3890,LU,2020-Q3,3309000.0,49.947169811320755
3891,LU,2020-Q4,4313000.0,65.10188679245283
3892,LU,2021-Q1,3791000.0,57.22264150943396
3893,LU,2021-Q2,4147000.0,62.59622641509434
3894,LU,2021-Q3,3794000.0,57.26792452830189
3895,LU,2021-Q4,4864000.0,73.4188679245283
3896,LU,2022-Q1,5256000.0,79.33584905660378
3897,LU,2022-Q2,4997000.0,75.42641509433962
3898,LU,2022-Q3,5322000.0,80.33207547169812
3899,LU,2022-Q4,6460000.0,97.50943396226415
3900,LU,2023-Q1,6974000.0,105.26792452830189
3957,LV,2018-Q1,3907000.0,74.33409436834094
3958,LV,2018-Q2,4808000.0,91.47640791476408
3959,LV,2018-Q3,5178000.0,98.51598173515981
3960,LV,2018-Q4,4348000.0,82.72450532724505
3961,LV,2019-Q1,4075000.0,77.53044140030441
3962,LV,2019-Q2,4871000.0,92.67503805175038
3963,LV,2019-Q3,5256000.0,100.0
3964,LV,2019-Q4,4421000.0,84.11339421613394
3965,LV,2020-Q1,3755000.0,71.44216133942162
3966,LV,2020-Q2,2343000.0,44.577625570776256
3967,LV,2020-Q3,4117000.0,78.32952815829528
3968,LV,2020-Q4,2648000.0,50.38051750380517
3969,LV,2021-Q1,1924000.0,36.60578386605784
3970,LV,2021-Q2,2716000.0,51.67427701674277
3971,LV,2021-Q3,3625000.0,68.96879756468797
3972,LV,2021-Q4,2779000.0,52.872907153729074
3973,LV,2022-Q1,2827000.0,53.78614916286149
3974,LV,2022-Q2,4051000.0,77.07382039573821
3975,LV,2022-Q3,4835000.0,91.99010654490107
3976,LV,2022-Q4,3982000.0,75.76103500761035
3977,LV,2023-Q1,3706000.0,70.50989345509893
3978,LV,2023-Q2,4514000.0,85.882800608828
4023,ME,2018-Q1,190000.0,58.103975535168196
4024,ME,2018-Q2,258000.0,78.89908256880734
4025,ME,2018-Q3,328000.0,100.30581039755351
4026,ME,2018-Q4,215000.0,65.74923547400611
4027,ME,2019-Q1,192000.0,58.71559633027523
4028,ME,2019-Q2,256000.0,78.2874617737003
4029,ME,2019-Q3,327000.0,100.0
4030,ME,2019-Q4,211000.0,64.52599388379205
4031,ME,2020-Q1,154000.0,47.09480122324159
4032,ME,2020-Q2,57000.0,17.431192660550458
4033,ME,2020-Q3,164000.0,50.15290519877676
4034,ME,2020-Q4,98000.0,29.96941896024465
4035,ME,2021-Q1,68000.0,20.795107033639145
4036,ME,2021-Q2,135000.0,41.28440366972477
4037,ME,2021-Q3,226000.0,69.1131498470948
4038,ME,2021-Q4,126000.0,38.53211009174312
4039,ME,2022-Q1,126000.0,38.53211009174312
4040,ME,2022-Q2,214000.0,65.4434250764526
4041,ME,2022-Q3,270000.0,82.56880733944953
4042,ME,2022-Q4,164000.0,50.15290519877676
4043,ME,2023-Q1,147000.0,44.95412844036697
4080,MK,2018-Q1,132000.0,89.1891891891892
4081,MK,2018-Q2,148000.0,100.0
4082,MK,2018-Q3,124000.0,83.78378378378379
4083,MK,2018-Q4,136000.0,91.89189189189189
4084,MK,2019-Q1,130000.0,87.83783783783784
4085,MK,2019-Q2,147000.0,99.32432432432432
4086,MK,2019-Q3,124000.0,83.78378378378379
4087,MK,2019-Q4,148000.0,100.0
4088,MK,2020-Q1,93000.0,62.83783783783784
4089,MK,2020-Q2,28000.0,18.91891891891892
4090,MK,2020-Q3,68000.0,45.945945945945944
4091,MK,2020-Q4,64000.0,43.24324324324324
4092,MK,2021-Q1,59000.0,39.86486486486486
4093,MK,2021-Q2,64000.0,43.24324324324324
4094,MK,2021-Q3,66000.0,44.5945945945946
4095,MK,2021-Q4,64000.0,43.24324324324324
4096,MK,2022-Q1,61000.0,41.21621621621622
4097,MK,2022-Q2,105000.0,70.94594594594595
4098,MK,2022-Q3,108000.0,72.97297297297297
4099,MK,2022-Q4,131000.0,88.51351351351352
4100,MK,2023-Q1,102000.0,68.91891891891892
4157,NL,2018-Q1,97401000.0,95.42568825315959
4158,NL,2018-Q2,97667000.0,95.68629371999609
4159,NL,2018-Q3,92440000.0,90.56529832467915
4160,NL,2018-Q4,102268000.0,100.19398452042716
4161,NL,2019-Q1,97203000.0,95.23170373273244
4162,NL,2019-Q2,97469000.0,95.49230919956892
4163,NL,2019-Q3,92242000.0,90.37131380425198
4164,NL,2019-Q4,102070000.0,100.0
4165,NL,2020-Q1,79355000.0,77.74566473988439
4166,NL,2020-Q2,20772000.0,20.350739688449103
4167,NL,2020-Q3,41324000.0,40.48594102086803
4168,NL,2020-Q4,40090000.0,39.27696678749878
4169,NL,2021-Q1,30973000.0,30.34486136964828
4170,NL,2021-Q2,45034000.0,44.1207014793769
4171,NL,2021-Q3,59752000.0,58.54021749779563
4172,NL,2021-Q4,71406000.0,69.9578720485941
4173,NL,2022-Q1,63730000.0,62.43754286274125
4174,NL,2022-Q2,85692000.0,83.95414911335358
4175,NL,2022-Q3,76232000.0,74.68599980405604
4176,NL,2022-Q4,93289000.0,91.39708043499559
4177,NL,2023-Q1,87245000.0,85.47565396296659
4234,NO,2018-Q1,19226000.0,89.04223786587625
4235,NO,2018-Q2,20388000.0,94.42386068914412
4236,NO,2018-Q3,18305000.0,84.77676917376806
4237,NO,2018-Q4,20834000.0,96.48944053353094
4238,NO,2019-Q1,20887000.0,96.73490181548722
4239,NO,2019-Q2,20586000.0,95.34086698777325
4240,NO,2019-Q3,18235000.0,84.45257502778807
4241,NO,2019-Q4,21592000.0,100.0
4242,NO,2020-Q1,17425000.0,80.7011856243053
4243,NO,2020-Q2,6989000.0,32.36846980363097
4244,NO,2020-Q3,9425000.0,43.650426083734715
4245,NO,2020-Q4,8655000.0,40.084290477954795
4246,NO,2021-Q1,6925000.0,32.07206372730641
4247,NO,2021-Q2,8796000.0,40.73731011485735
4248,NO,2021-Q3,10886000.0,50.416821044831416
4249,NO,2021-Q4,14795000.0,68.52074842534272
4250,NO,2022-Q1,13686000.0,63.38458688403112
4251,NO,2022-Q2,17323000.0,80.22878844016303
4252,NO,2022-Q3,16834000.0,77.96406076324564
4253,NO,2022-Q4,19069000.0,88.31511670989255
4254,NO,2023-Q1,19323000.0,89.49147832530566
4311,PL,2018-Q1,72009000.0,82.02695159875609
4312,PL,2018-Q2,77299000.0,88.0529007711848
4313,PL,2018-Q3,77792000.0,88.614487338672
4314,PL,2018-Q4,80482000.0,91.67872236208095
4315,PL,2019-Q1,79251000.0,90.27646462460274
4316,PL,2019-Q2,81605000.0,92.95795505029218
4317,PL,2019-Q3,84315000.0,96.04497249023204
4318,PL,2019-Q4,87787000.0,100.0
4319,PL,2020-Q1,71357000.0,81.28424481984804
4320,PL,2020-Q2,29562000.0,33.674689874354975
4321,PL,2020-Q3,58774000.0,66.95068745941882
4322,PL,2020-Q4,42995000.0,48.97649993734836
4323,PL,2021-Q1,41890000.0,47.71777142401495
4324,PL,2021-Q2,52480000.0,59.78106097713785
4325,PL,2021-Q3,71282000.0,81.19881075785709
4326,PL,2021-Q4,72622000.0,82.72523266542882
4327,PL,2022-Q1,69089000.0,78.70071878524155
4328,PL,2022-Q2,84602000.0,96.37190016745076
4329,PL,2022-Q3,88394000.0,100.69144634171347
4330,PL,2022-Q4,90517000.0,103.10979985647077
4331,PL,2023-Q1,85310000.0,97.17839771264538
4388,PT,2018-Q1,35282000.0,71.98204631235336
4389,PT,2018-Q2,37537000.0,76.58267877180455
4390,PT,2018-Q3,36765000.0,75.0076507191676
4391,PT,2018-Q4,37890000.0,77.30286646944813
4392,PT,2019-Q1,37148000.0,75.789044170152
4393,PT,2019-Q2,43038000.0,87.80577374273182
4394,PT,2019-Q3,46132000.0,94.11812710394777
4395,PT,2019-Q4,49015000.0,100.0
4396,PT,2020-Q1,39523000.0,80.63449964296643
4397,PT,2020-Q2,12683000.0,25.87575232071815
4398,PT,2020-Q3,27556000.0,56.21952463531572
4399,PT,2020-Q4,28277000.0,57.690502907273284
4400,PT,2021-Q1,18872000.0,38.50249923492808
4401,PT,2021-Q2,28159000.0,57.44976027746608
4402,PT,2021-Q3,32839000.0,66.99785779863308
4403,PT,2021-Q4,39770000.0,81.13842701213915
4404,PT,2022-Q1,37559000.0,76.62756299092115
4405,PT,2022-Q2,43435000.0,88.61572987860859
4406,PT,2022-Q3,44634000.0,91.06191982046312
4407,PT,2022-Q4,45926000.0,93.69784759767418
4408,PT,2023-Q1,44311000.0,90.40293787616037
4465,RO,2018-Q1,15324000.0,88.25155494125778
4466,RO,2018-Q2,16365000.0,94.24671734623358
4467,RO,2018-Q3,16372000.0,94.28703063810183
4468,RO,2018-Q4,16654000.0,95.91108039622208
4469,RO,2019-Q1,16487000.0,94.94932043307993
4470,RO,2019-Q2,17010000.0,97.9612992398065
4471,RO,2019-Q3,17364000.0,100.0
4472,RO,2019-Q4,17049000.0,98.18590186592951
4473,RO,2020-Q1,14898000.0,85.79820317899102
4474,RO,2020-Q2,9067000.0,52.21723105275282
4475,RO,2020-Q3,13597000.0,78.30568993319511
4476,RO,2020-Q4,11526000.0,66.37871458189358
4477,RO,2021-Q1,12082000.0,69.58074176457038
4478,RO,2021-Q2,12637000.0,72.77700990555172
4479,RO,2021-Q3,14912000.0,85.87882976272748
4480,RO,2021-Q4,12928000.0,74.45289103893113
4481,RO,2022-Q1,14565000.0,83.88044229440221
4482,RO,2022-Q2,18123000.0,104.37111264685556
4483,RO,2022-Q3,18561000.0,106.89357290946786
4484,RO,2022-Q4,18068000.0,104.05436535360516
4485,RO,2023-Q1,17826000.0,102.66067726330338
4486,RS,2021-Q1,,
4487,RS,2021-Q2,,
4488,RS,2021-Q3,,
4489,RS,2021-Q4,,
4490,RS,2022-Q1,,
4491,RS,2022-Q2,,
4492,RS,2022-Q3,,
4493,RS,2022-Q4,1950000.0,
4550,SE,2018-Q1,60926000.0,88.42927225754013
4551,SE,2018-Q2,62259000.0,90.36401637202822
4552,SE,2018-Q3,56927000.0,82.62503991407588
4553,SE,2018-Q4,66378000.0,96.34241922842463
4554,SE,2019-Q1,65885000.0,95.62686870446167
4555,SE,2019-Q2,66840000.0,97.01297570321344
4556,SE,2019-Q3,62979000.0,91.40903944962118
4557,SE,2019-Q4,68898000.0,100.0
4558,SE,2020-Q1,63109000.0,91.59772417196436
4559,SE,2020-Q2,30624000.0,44.44831490028738
4560,SE,2020-Q3,38255000.0,55.52410810183169
4561,SE,2020-Q4,37175000.0,53.95657348544225
4562,SE,2021-Q1,31339000.0,45.486080873174835
4563,SE,2021-Q2,35757000.0,51.89845859096055
4564,SE,2021-Q3,42645000.0,61.895846033266565
4565,SE,2021-Q4,54750000.0,79.46529652529827
4566,SE,2022-Q1,,
4567,SE,2022-Q2,,
4568,SE,2022-Q3,,
4569,SE,2022-Q4,,
4570,SE,2023-Q1,,
4627,SI,2018-Q1,3288000.0,93.17086993482573
4628,SI,2018-Q2,3165000.0,89.68546330405213
4629,SI,2018-Q3,3178000.0,90.05383961462171
4630,SI,2018-Q4,3474000.0,98.44148483989798
4631,SI,2019-Q1,3277000.0,92.85916690280533
4632,SI,2019-Q2,3197000.0,90.59223576083876
4633,SI,2019-Q3,3257000.0,92.29243411731369
4634,SI,2019-Q4,3529000.0,100.0
4635,SI,2020-Q1,2779000.0,78.74752054406348
4636,SI,2020-Q2,1377000.0,39.019552281099465
4637,SI,2020-Q3,2126000.0,60.2436950977614
4638,SI,2020-Q4,1642000.0,46.5287616888637
4639,SI,2021-Q1,2471000.0,70.0198356474922
4640,SI,2021-Q2,2792000.0,79.11589685463304
4641,SI,2021-Q3,3074000.0,87.10682913006518
4642,SI,2021-Q4,3326000.0,94.24766222725985
4643,SI,2022-Q1,3302000.0,93.56758288466987
4644,SI,2022-Q2,3439000.0,97.44970246528761
4645,SI,2022-Q3,3420000.0,96.91130631907056
4646,SI,2022-Q4,3748000.0,106.20572400113346
4647,SI,2023-Q1,3657000.0,103.6270898271465
4704,SK,2018-Q1,18343000.0,86.71993192133132
4705,SK,2018-Q2,19866000.0,93.92019667170953
4706,SK,2018-Q3,20196000.0,95.4803328290469
4707,SK,2018-Q4,19930000.0,94.22276853252647
4708,SK,2019-Q1,19842000.0,93.80673222390318
4709,SK,2019-Q2,20456000.0,96.70953101361573
4710,SK,2019-Q3,21152000.0,100.0
4711,SK,2019-Q4,20628000.0,97.52269288956127
4712,SK,2020-Q1,16322000.0,77.16527987897126
4713,SK,2020-Q2,7937000.0,37.52363842662633
4714,SK,2020-Q3,15345000.0,72.54633131618759
4715,SK,2020-Q4,9455000.0,44.70026475037822
4716,SK,2021-Q1,6556000.0,30.994704992435704
4717,SK,2021-Q2,11403000.0,53.90979576399395
4718,SK,2021-Q3,15382000.0,72.72125567322239
4719,SK,2021-Q4,13020000.0,61.55446293494705
4720,SK,2022-Q1,13671000.0,64.6321860816944
4721,SK,2022-Q2,18184000.0,85.96822995461422
4722,SK,2022-Q3,17903000.0,84.63975037821483
4723,SK,2022-Q4,18255000.0,86.30389561270802
4724,SK,2023-Q1,17150000.0,81.07980332829047
4725,SK,2023-Q2,18471000.0,87.3250756429652
4782,TR,2018-Q1,22663000.0,43.96826012726991
4783,TR,2018-Q2,24977000.0,48.457628433959336
4784,TR,2018-Q3,24476000.0,47.48564333385069
4785,TR,2018-Q4,28452000.0,55.19944125407419
4786,TR,2019-Q1,27098000.0,52.57255936675462
4787,TR,2019-Q2,42211000.0,81.89313984168865
4788,TR,2019-Q3,43628000.0,84.64224740027937
4789,TR,2019-Q4,51544000.0,100.0
4790,TR,2020-Q1,41026000.0,79.59413316777899
4791,TR,2020-Q2,9327000.0,18.095219618190285
4792,TR,2020-Q3,25873000.0,50.19594909203787
4793,TR,2020-Q4,23240000.0,45.087692068912
4794,TR,2021-Q1,21678000.0,42.05727145739562
4795,TR,2021-Q2,22578000.0,43.80335247555487
4796,TR,2021-Q3,39580000.0,76.78876299860313
4797,TR,2021-Q4,52202000.0,101.27657923327642
4798,TR,2022-Q1,50574000.0,98.11811268042837
4799,TR,2022-Q2,60432000.0,117.24352009933261
4800,TR,2022-Q3,56686000.0,109.97594288374981
4801,TR,2022-Q4,68438000.0,132.77588080086917
4802,TR,2023-Q1,59504000.0,115.44311656060842
4859,UK,2018-Q1,437127000.0,92.46648799236792
4860,UK,2018-Q2,439484000.0,92.96506966816925
4861,UK,2018-Q3,445615000.0,94.26197431574583
4862,UK,2018-Q4,461161000.0,97.55045574638122
4863,UK,2019-Q1,453939000.0,96.02276933881343
4864,UK,2019-Q2,449794000.0,95.14596787670204
4865,UK,2019-Q3,460411000.0,97.3918065071572
4866,UK,2019-Q4,472741000.0,100.0
4867,UK,2020-Q1,401514000.0,84.93318751705479
4868,UK,2020-Q2,36244000.0,7.6667773685802585
4869,UK,2020-Q3,137564000.0,29.099231926149837
